Seller,Seller Rating,NbSellerRatings,SellerStatus,SellerActivityDate,SellerCountry
Stock e-commerce,4,242,Professionnel,17/06/2021,France
Espace-Disque,5,31,Professionnel,15/09/2020,Luxembourg
Monsieurplus,4,7,Professionnel,20/12/2022,France
GPASPLUS,4,184,Professionnel,28/08/2020,France
La Boutique du Net,4,91,Professionnel,05/07/2021,France
ZOOMICI,4,19,Professionnel,01/02/2021,France
Icoza,4,140,Professionnel,11/09/2020,France
2KINGS,5,353,Professionnel,06/01/2021,France
Maxmovil,4,14,--,25/06/2021,Espagne
ESSEBI SHOP,5,1,--,02/02/2023,Italie
Magic Distribution,4,20,--,23/12/2022,France
TELBLUE LDA,5,3,--,17/01/2025,Espagne
Elplace,4,15,--,12/03/2021,France
123Consommables,5,2,--,17/10/2024,France
Alloccaz,4,30,--,09/05/2023,France
[🇫🇷] e-Recycle - Reconditionné en France,4,4,--,05/03/2021,France
Nest Green,3,4,--,16/01/2024,France
Avegott,4,13,--,23/06/2021,France
RPS  Technologies,5,1,--,25/01/2024,France
DANSLEMIL,3,9,--,07/10/2022,France
Boutique56,4,8,--,25/01/2024,France       
SIA Solution,0,0,--,31/07/2024,Lettonie
MercatoXL,3,38,--,01/07/2022,Italie
Techstark,4,318,--,09/08/2022,France
E.Leclerc,,,,,France




